"Type","Status","Campaign","Campaign Daily Budget","Campaign Type","Bid Strategy Type","Networks","Languages","Ad Group","Default Max CPC","Keyword","Match Type","Final URL","Headline 1","Headline 2","Headline 3","Headline 4","Headline 5","Headline 6","Headline 7","Headline 8","Headline 9","Headline 10","Headline 11","Headline 12","Headline 13","Headline 14","Headline 15","Headline 1 position","Headline 2 position","Headline 3 position","Headline 4 position","Headline 5 position","Headline 6 position","Headline 7 position","Headline 8 position","Headline 9 position","Headline 10 position","Headline 11 position","Headline 12 position","Headline 13 position","Headline 14 position","Headline 15 position","Description 1","Description 2","Description 3","Description 4","Path 1","Path 2"
"Campaign","Paused","Search_Brand_Snoots_MaxConv","25","Search","Maximize Conversions","Google Search","English","","","","","","","","","","","","","","","","","","","","","","","","","","","","","","","","","","","","","","","","",""
"Campaign","Paused","Search_NB_UnlimitedVet_MaxConv","60","Search","Maximize Conversions","Google Search","English","","","","","","","","","","","","","","","","","","","","","","","","","","","","","","","","","","","","","","","","",""
"Campaign","Paused","Search_NB_PetInsuranceAlt_MaxConv","40","Search","Maximize Conversions","Google Search","English","","","","","","","","","","","","","","","","","","","","","","","","","","","","","","","","","","","","","","","","",""
"Campaign","Paused","Search_NB_LocalNJ_MaxConv","50","Search","Maximize Conversions","Google Search","English","","","","","","","","","","","","","","","","","","","","","","","","","","","","","","","","","","","","","","","","",""
"Campaign","Paused","Search_NB_PetSpecific_MaxConv","30","Search","Maximize Conversions","Google Search","English","","","","","","","","","","","","","","","","","","","","","","","","","","","","","","","","","","","","","","","","",""
"Campaign","Paused","Search_NB_ProcedureIntent_MaxConv","40","Search","Maximize Conversions","Google Search","English","","","","","","","","","","","","","","","","","","","","","","","","","","","","","","","","","","","","","","","","",""
"Ad Group","Enabled","Search_Brand_Snoots_MaxConv","","","","","","Search_Brand_SnootesBrand_MaxConv","1.0","","","","","","","","","","","","","","","","","","","","","","","","","","","","","","","","","","","","","","",""
"Ad Group","Enabled","Search_NB_UnlimitedVet_MaxConv","","","","","","Search_NB_UnlimitedVetCare_MaxConv","3.0","","","","","","","","","","","","","","","","","","","","","","","","","","","","","","","","","","","","","","",""
"Ad Group","Enabled","Search_NB_UnlimitedVet_MaxConv","","","","","","Search_NB_AffordableVet_MaxConv","3.0","","","","","","","","","","","","","","","","","","","","","","","","","","","","","","","","","","","","","","",""
"Ad Group","Enabled","Search_NB_UnlimitedVet_MaxConv","","","","","","Search_NB_CostAnxiety_MaxConv","3.0","","","","","","","","","","","","","","","","","","","","","","","","","","","","","","","","","","","","","","",""
"Ad Group","Enabled","Search_NB_UnlimitedVet_MaxConv","","","","","","Search_NB_Concierge_MaxConv","3.0","","","","","","","","","","","","","","","","","","","","","","","","","","","","","","","","","","","","","","",""
"Ad Group","Enabled","Search_NB_PetInsuranceAlt_MaxConv","","","","","","Search_NB_PetInsuranceAlt_MaxConv","3.0","","","","","","","","","","","","","","","","","","","","","","","","","","","","","","","","","","","","","","",""
"Ad Group","Enabled","Search_NB_PetInsuranceAlt_MaxConv","","","","","","Search_NB_InsuranceResearch_MaxConv","3.0","","","","","","","","","","","","","","","","","","","","","","","","","","","","","","","","","","","","","","",""
"Ad Group","Enabled","Search_NB_LocalNJ_MaxConv","","","","","","Search_NB_VetNearMe_MaxConv","3.0","","","","","","","","","","","","","","","","","","","","","","","","","","","","","","","","","","","","","","",""
"Ad Group","Enabled","Search_NB_LocalNJ_MaxConv","","","","","","Search_NB_VetCliftonNJ_MaxConv","2.5","","","","","","","","","","","","","","","","","","","","","","","","","","","","","","","","","","","","","","",""
"Ad Group","Enabled","Search_NB_LocalNJ_MaxConv","","","","","","Search_NB_HyperLocal_MaxConv","2.0","","","","","","","","","","","","","","","","","","","","","","","","","","","","","","","","","","","","","","",""
"Ad Group","Enabled","Search_NB_PetSpecific_MaxConv","","","","","","Search_NB_DogVet_MaxConv","2.5","","","","","","","","","","","","","","","","","","","","","","","","","","","","","","","","","","","","","","",""
"Ad Group","Enabled","Search_NB_PetSpecific_MaxConv","","","","","","Search_NB_CatVet_MaxConv","2.5","","","","","","","","","","","","","","","","","","","","","","","","","","","","","","","","","","","","","","",""
"Ad Group","Enabled","Search_NB_PetSpecific_MaxConv","","","","","","Search_NB_LifeStage_MaxConv","2.5","","","","","","","","","","","","","","","","","","","","","","","","","","","","","","","","","","","","","","",""
"Ad Group","Enabled","Search_NB_ProcedureIntent_MaxConv","","","","","","Search_NB_Vaccinations_MaxConv","2.5","","","","","","","","","","","","","","","","","","","","","","","","","","","","","","","","","","","","","","",""
"Ad Group","Enabled","Search_NB_ProcedureIntent_MaxConv","","","","","","Search_NB_WellnessExam_MaxConv","2.5","","","","","","","","","","","","","","","","","","","","","","","","","","","","","","","","","","","","","","",""
"Ad Group","Enabled","Search_NB_ProcedureIntent_MaxConv","","","","","","Search_NB_Procedures_MaxConv","2.5","","","","","","","","","","","","","","","","","","","","","","","","","","","","","","","","","","","","","","",""
"Keyword","Enabled","Search_Brand_Snoots_MaxConv","","","","","","Search_Brand_SnootesBrand_MaxConv","","snoots vet","Exact","","","","","","","","","","","","","","","","","","","","","","","","","","","","","","","","","","","","",""
"Keyword","Enabled","Search_Brand_Snoots_MaxConv","","","","","","Search_Brand_SnootesBrand_MaxConv","","joinsnoots","Exact","","","","","","","","","","","","","","","","","","","","","","","","","","","","","","","","","","","","",""
"Keyword","Enabled","Search_Brand_Snoots_MaxConv","","","","","","Search_Brand_SnootesBrand_MaxConv","","join snoots","Exact","","","","","","","","","","","","","","","","","","","","","","","","","","","","","","","","","","","","",""
"Keyword","Enabled","Search_Brand_Snoots_MaxConv","","","","","","Search_Brand_SnootesBrand_MaxConv","","snoots vet nj","Exact","","","","","","","","","","","","","","","","","","","","","","","","","","","","","","","","","","","","",""
"Keyword","Enabled","Search_Brand_Snoots_MaxConv","","","","","","Search_Brand_SnootesBrand_MaxConv","","snoots vet clifton","Exact","","","","","","","","","","","","","","","","","","","","","","","","","","","","","","","","","","","","",""
"Keyword","Enabled","Search_Brand_Snoots_MaxConv","","","","","","Search_Brand_SnootesBrand_MaxConv","","snoots membership","Exact","","","","","","","","","","","","","","","","","","","","","","","","","","","","","","","","","","","","",""
"Keyword","Enabled","Search_Brand_Snoots_MaxConv","","","","","","Search_Brand_SnootesBrand_MaxConv","","snoots vet","Phrase","","","","","","","","","","","","","","","","","","","","","","","","","","","","","","","","","","","","",""
"Keyword","Enabled","Search_Brand_Snoots_MaxConv","","","","","","Search_Brand_SnootesBrand_MaxConv","","join snoots","Phrase","","","","","","","","","","","","","","","","","","","","","","","","","","","","","","","","","","","","",""
"Keyword","Enabled","Search_Brand_Snoots_MaxConv","","","","","","Search_Brand_SnootesBrand_MaxConv","","snoots membership","Phrase","","","","","","","","","","","","","","","","","","","","","","","","","","","","","","","","","","","","",""
"Keyword","Enabled","Search_NB_UnlimitedVet_MaxConv","","","","","","Search_NB_UnlimitedVetCare_MaxConv","","unlimited vet care","Phrase","","","","","","","","","","","","","","","","","","","","","","","","","","","","","","","","","","","","",""
"Keyword","Enabled","Search_NB_UnlimitedVet_MaxConv","","","","","","Search_NB_UnlimitedVetCare_MaxConv","","unlimited vet visits","Phrase","","","","","","","","","","","","","","","","","","","","","","","","","","","","","","","","","","","","",""
"Keyword","Enabled","Search_NB_UnlimitedVet_MaxConv","","","","","","Search_NB_UnlimitedVetCare_MaxConv","","flat fee vet","Phrase","","","","","","","","","","","","","","","","","","","","","","","","","","","","","","","","","","","","",""
"Keyword","Enabled","Search_NB_UnlimitedVet_MaxConv","","","","","","Search_NB_UnlimitedVetCare_MaxConv","","monthly vet plan","Phrase","","","","","","","","","","","","","","","","","","","","","","","","","","","","","","","","","","","","",""
"Keyword","Enabled","Search_NB_UnlimitedVet_MaxConv","","","","","","Search_NB_UnlimitedVetCare_MaxConv","","vet subscription","Phrase","","","","","","","","","","","","","","","","","","","","","","","","","","","","","","","","","","","","",""
"Keyword","Enabled","Search_NB_UnlimitedVet_MaxConv","","","","","","Search_NB_UnlimitedVetCare_MaxConv","","vet membership","Phrase","","","","","","","","","","","","","","","","","","","","","","","","","","","","","","","","","","","","",""
"Keyword","Enabled","Search_NB_UnlimitedVet_MaxConv","","","","","","Search_NB_UnlimitedVetCare_MaxConv","","unlimited veterinary care","Phrase","","","","","","","","","","","","","","","","","","","","","","","","","","","","","","","","","","","","",""
"Keyword","Enabled","Search_NB_UnlimitedVet_MaxConv","","","","","","Search_NB_UnlimitedVetCare_MaxConv","","vet membership plan","Phrase","","","","","","","","","","","","","","","","","","","","","","","","","","","","","","","","","","","","",""
"Keyword","Enabled","Search_NB_UnlimitedVet_MaxConv","","","","","","Search_NB_UnlimitedVetCare_MaxConv","","unlimited vet care","Exact","","","","","","","","","","","","","","","","","","","","","","","","","","","","","","","","","","","","",""
"Keyword","Enabled","Search_NB_UnlimitedVet_MaxConv","","","","","","Search_NB_UnlimitedVetCare_MaxConv","","flat fee vet","Exact","","","","","","","","","","","","","","","","","","","","","","","","","","","","","","","","","","","","",""
"Keyword","Enabled","Search_NB_UnlimitedVet_MaxConv","","","","","","Search_NB_UnlimitedVetCare_MaxConv","","vet subscription","Exact","","","","","","","","","","","","","","","","","","","","","","","","","","","","","","","","","","","","",""
"Keyword","Enabled","Search_NB_UnlimitedVet_MaxConv","","","","","","Search_NB_UnlimitedVetCare_MaxConv","","vet membership","Exact","","","","","","","","","","","","","","","","","","","","","","","","","","","","","","","","","","","","",""
"Keyword","Enabled","Search_NB_UnlimitedVet_MaxConv","","","","","","Search_NB_AffordableVet_MaxConv","","affordable vet care","Phrase","","","","","","","","","","","","","","","","","","","","","","","","","","","","","","","","","","","","",""
"Keyword","Enabled","Search_NB_UnlimitedVet_MaxConv","","","","","","Search_NB_AffordableVet_MaxConv","","low cost vet care","Phrase","","","","","","","","","","","","","","","","","","","","","","","","","","","","","","","","","","","","",""
"Keyword","Enabled","Search_NB_UnlimitedVet_MaxConv","","","","","","Search_NB_AffordableVet_MaxConv","","cheap vet care","Phrase","","","","","","","","","","","","","","","","","","","","","","","","","","","","","","","","","","","","",""
"Keyword","Enabled","Search_NB_UnlimitedVet_MaxConv","","","","","","Search_NB_AffordableVet_MaxConv","","affordable veterinarian","Phrase","","","","","","","","","","","","","","","","","","","","","","","","","","","","","","","","","","","","",""
"Keyword","Enabled","Search_NB_UnlimitedVet_MaxConv","","","","","","Search_NB_AffordableVet_MaxConv","","budget vet care","Phrase","","","","","","","","","","","","","","","","","","","","","","","","","","","","","","","","","","","","",""
"Keyword","Enabled","Search_NB_UnlimitedVet_MaxConv","","","","","","Search_NB_AffordableVet_MaxConv","","inexpensive vet","Phrase","","","","","","","","","","","","","","","","","","","","","","","","","","","","","","","","","","","","",""
"Keyword","Enabled","Search_NB_UnlimitedVet_MaxConv","","","","","","Search_NB_AffordableVet_MaxConv","","affordable vet nj","Phrase","","","","","","","","","","","","","","","","","","","","","","","","","","","","","","","","","","","","",""
"Keyword","Enabled","Search_NB_UnlimitedVet_MaxConv","","","","","","Search_NB_AffordableVet_MaxConv","","low cost vet nj","Phrase","","","","","","","","","","","","","","","","","","","","","","","","","","","","","","","","","","","","",""
"Keyword","Enabled","Search_NB_UnlimitedVet_MaxConv","","","","","","Search_NB_AffordableVet_MaxConv","","affordable vet","Exact","","","","","","","","","","","","","","","","","","","","","","","","","","","","","","","","","","","","",""
"Keyword","Enabled","Search_NB_UnlimitedVet_MaxConv","","","","","","Search_NB_AffordableVet_MaxConv","","low cost vet nj","Exact","","","","","","","","","","","","","","","","","","","","","","","","","","","","","","","","","","","","",""
"Keyword","Enabled","Search_NB_UnlimitedVet_MaxConv","","","","","","Search_NB_CostAnxiety_MaxConv","","vet bills too expensive","Phrase","","","","","","","","","","","","","","","","","","","","","","","","","","","","","","","","","","","","",""
"Keyword","Enabled","Search_NB_UnlimitedVet_MaxConv","","","","","","Search_NB_CostAnxiety_MaxConv","","can't afford vet","Phrase","","","","","","","","","","","","","","","","","","","","","","","","","","","","","","","","","","","","",""
"Keyword","Enabled","Search_NB_UnlimitedVet_MaxConv","","","","","","Search_NB_CostAnxiety_MaxConv","","vet care costs","Phrase","","","","","","","","","","","","","","","","","","","","","","","","","","","","","","","","","","","","",""
"Keyword","Enabled","Search_NB_UnlimitedVet_MaxConv","","","","","","Search_NB_CostAnxiety_MaxConv","","how to afford vet bills","Phrase","","","","","","","","","","","","","","","","","","","","","","","","","","","","","","","","","","","","",""
"Keyword","Enabled","Search_NB_UnlimitedVet_MaxConv","","","","","","Search_NB_CostAnxiety_MaxConv","","vet payment plan","Phrase","","","","","","","","","","","","","","","","","","","","","","","","","","","","","","","","","","","","",""
"Keyword","Enabled","Search_NB_UnlimitedVet_MaxConv","","","","","","Search_NB_CostAnxiety_MaxConv","","vet financing nj","Phrase","","","","","","","","","","","","","","","","","","","","","","","","","","","","","","","","","","","","",""
"Keyword","Enabled","Search_NB_UnlimitedVet_MaxConv","","","","","","Search_NB_CostAnxiety_MaxConv","","vet bills too expensive","Exact","","","","","","","","","","","","","","","","","","","","","","","","","","","","","","","","","","","","",""
"Keyword","Enabled","Search_NB_UnlimitedVet_MaxConv","","","","","","Search_NB_CostAnxiety_MaxConv","","vet payment plan","Exact","","","","","","","","","","","","","","","","","","","","","","","","","","","","","","","","","","","","",""
"Keyword","Enabled","Search_NB_UnlimitedVet_MaxConv","","","","","","Search_NB_Concierge_MaxConv","","concierge vet nj","Phrase","","","","","","","","","","","","","","","","","","","","","","","","","","","","","","","","","","","","",""
"Keyword","Enabled","Search_NB_UnlimitedVet_MaxConv","","","","","","Search_NB_Concierge_MaxConv","","membership based vet","Phrase","","","","","","","","","","","","","","","","","","","","","","","","","","","","","","","","","","","","",""
"Keyword","Enabled","Search_NB_UnlimitedVet_MaxConv","","","","","","Search_NB_Concierge_MaxConv","","subscription vet care","Phrase","","","","","","","","","","","","","","","","","","","","","","","","","","","","","","","","","","","","",""
"Keyword","Enabled","Search_NB_UnlimitedVet_MaxConv","","","","","","Search_NB_Concierge_MaxConv","","preventive vet care plan","Phrase","","","","","","","","","","","","","","","","","","","","","","","","","","","","","","","","","","","","",""
"Keyword","Enabled","Search_NB_UnlimitedVet_MaxConv","","","","","","Search_NB_Concierge_MaxConv","","pet care membership","Phrase","","","","","","","","","","","","","","","","","","","","","","","","","","","","","","","","","","","","",""
"Keyword","Enabled","Search_NB_UnlimitedVet_MaxConv","","","","","","Search_NB_Concierge_MaxConv","","direct primary care vet","Phrase","","","","","","","","","","","","","","","","","","","","","","","","","","","","","","","","","","","","",""
"Keyword","Enabled","Search_NB_UnlimitedVet_MaxConv","","","","","","Search_NB_Concierge_MaxConv","","concierge vet nj","Exact","","","","","","","","","","","","","","","","","","","","","","","","","","","","","","","","","","","","",""
"Keyword","Enabled","Search_NB_UnlimitedVet_MaxConv","","","","","","Search_NB_Concierge_MaxConv","","pet care membership","Exact","","","","","","","","","","","","","","","","","","","","","","","","","","","","","","","","","","","","",""
"Keyword","Enabled","Search_NB_PetInsuranceAlt_MaxConv","","","","","","Search_NB_PetInsuranceAlt_MaxConv","","pet insurance alternative","Phrase","","","","","","","","","","","","","","","","","","","","","","","","","","","","","","","","","","","","",""
"Keyword","Enabled","Search_NB_PetInsuranceAlt_MaxConv","","","","","","Search_NB_PetInsuranceAlt_MaxConv","","alternative to pet insurance","Phrase","","","","","","","","","","","","","","","","","","","","","","","","","","","","","","","","","","","","",""
"Keyword","Enabled","Search_NB_PetInsuranceAlt_MaxConv","","","","","","Search_NB_PetInsuranceAlt_MaxConv","","pet wellness plan","Phrase","","","","","","","","","","","","","","","","","","","","","","","","","","","","","","","","","","","","",""
"Keyword","Enabled","Search_NB_PetInsuranceAlt_MaxConv","","","","","","Search_NB_PetInsuranceAlt_MaxConv","","pet health plan","Phrase","","","","","","","","","","","","","","","","","","","","","","","","","","","","","","","","","","","","",""
"Keyword","Enabled","Search_NB_PetInsuranceAlt_MaxConv","","","","","","Search_NB_PetInsuranceAlt_MaxConv","","pet care plan","Phrase","","","","","","","","","","","","","","","","","","","","","","","","","","","","","","","","","","","","",""
"Keyword","Enabled","Search_NB_PetInsuranceAlt_MaxConv","","","","","","Search_NB_PetInsuranceAlt_MaxConv","","dog health plan","Phrase","","","","","","","","","","","","","","","","","","","","","","","","","","","","","","","","","","","","",""
"Keyword","Enabled","Search_NB_PetInsuranceAlt_MaxConv","","","","","","Search_NB_PetInsuranceAlt_MaxConv","","cat health plan","Phrase","","","","","","","","","","","","","","","","","","","","","","","","","","","","","","","","","","","","",""
"Keyword","Enabled","Search_NB_PetInsuranceAlt_MaxConv","","","","","","Search_NB_PetInsuranceAlt_MaxConv","","pet subscription vet","Phrase","","","","","","","","","","","","","","","","","","","","","","","","","","","","","","","","","","","","",""
"Keyword","Enabled","Search_NB_PetInsuranceAlt_MaxConv","","","","","","Search_NB_PetInsuranceAlt_MaxConv","","is pet insurance worth it","Phrase","","","","","","","","","","","","","","","","","","","","","","","","","","","","","","","","","","","","",""
"Keyword","Enabled","Search_NB_PetInsuranceAlt_MaxConv","","","","","","Search_NB_PetInsuranceAlt_MaxConv","","pet insurance alternative","Exact","","","","","","","","","","","","","","","","","","","","","","","","","","","","","","","","","","","","",""
"Keyword","Enabled","Search_NB_PetInsuranceAlt_MaxConv","","","","","","Search_NB_PetInsuranceAlt_MaxConv","","pet wellness plan","Exact","","","","","","","","","","","","","","","","","","","","","","","","","","","","","","","","","","","","",""
"Keyword","Enabled","Search_NB_PetInsuranceAlt_MaxConv","","","","","","Search_NB_PetInsuranceAlt_MaxConv","","pet health plan","Exact","","","","","","","","","","","","","","","","","","","","","","","","","","","","","","","","","","","","",""
"Keyword","Enabled","Search_NB_PetInsuranceAlt_MaxConv","","","","","","Search_NB_InsuranceResearch_MaxConv","","best pet insurance nj","Phrase","","","","","","","","","","","","","","","","","","","","","","","","","","","","","","","","","","","","",""
"Keyword","Enabled","Search_NB_PetInsuranceAlt_MaxConv","","","","","","Search_NB_InsuranceResearch_MaxConv","","pet insurance vs wellness plan","Phrase","","","","","","","","","","","","","","","","","","","","","","","","","","","","","","","","","","","","",""
"Keyword","Enabled","Search_NB_PetInsuranceAlt_MaxConv","","","","","","Search_NB_InsuranceResearch_MaxConv","","is pet insurance worth it for dogs","Phrase","","","","","","","","","","","","","","","","","","","","","","","","","","","","","","","","","","","","",""
"Keyword","Enabled","Search_NB_PetInsuranceAlt_MaxConv","","","","","","Search_NB_InsuranceResearch_MaxConv","","pet insurance no waiting period","Phrase","","","","","","","","","","","","","","","","","","","","","","","","","","","","","","","","","","","","",""
"Keyword","Enabled","Search_NB_PetInsuranceAlt_MaxConv","","","","","","Search_NB_InsuranceResearch_MaxConv","","pet insurance pre-existing conditions","Phrase","","","","","","","","","","","","","","","","","","","","","","","","","","","","","","","","","","","","",""
"Keyword","Enabled","Search_NB_PetInsuranceAlt_MaxConv","","","","","","Search_NB_InsuranceResearch_MaxConv","","lemonade pet insurance alternative","Phrase","","","","","","","","","","","","","","","","","","","","","","","","","","","","","","","","","","","","",""
"Keyword","Enabled","Search_NB_PetInsuranceAlt_MaxConv","","","","","","Search_NB_InsuranceResearch_MaxConv","","trupanion alternative","Phrase","","","","","","","","","","","","","","","","","","","","","","","","","","","","","","","","","","","","",""
"Keyword","Enabled","Search_NB_PetInsuranceAlt_MaxConv","","","","","","Search_NB_InsuranceResearch_MaxConv","","best pet insurance nj","Exact","","","","","","","","","","","","","","","","","","","","","","","","","","","","","","","","","","","","",""
"Keyword","Enabled","Search_NB_PetInsuranceAlt_MaxConv","","","","","","Search_NB_InsuranceResearch_MaxConv","","trupanion alternative","Exact","","","","","","","","","","","","","","","","","","","","","","","","","","","","","","","","","","","","",""
"Keyword","Enabled","Search_NB_LocalNJ_MaxConv","","","","","","Search_NB_VetNearMe_MaxConv","","vet near me","Phrase","","","","","","","","","","","","","","","","","","","","","","","","","","","","","","","","","","","","",""
"Keyword","Enabled","Search_NB_LocalNJ_MaxConv","","","","","","Search_NB_VetNearMe_MaxConv","","veterinarian near me","Phrase","","","","","","","","","","","","","","","","","","","","","","","","","","","","","","","","","","","","",""
"Keyword","Enabled","Search_NB_LocalNJ_MaxConv","","","","","","Search_NB_VetNearMe_MaxConv","","animal hospital near me","Phrase","","","","","","","","","","","","","","","","","","","","","","","","","","","","","","","","","","","","",""
"Keyword","Enabled","Search_NB_LocalNJ_MaxConv","","","","","","Search_NB_VetNearMe_MaxConv","","dog vet near me","Phrase","","","","","","","","","","","","","","","","","","","","","","","","","","","","","","","","","","","","",""
"Keyword","Enabled","Search_NB_LocalNJ_MaxConv","","","","","","Search_NB_VetNearMe_MaxConv","","cat vet near me","Phrase","","","","","","","","","","","","","","","","","","","","","","","","","","","","","","","","","","","","",""
"Keyword","Enabled","Search_NB_LocalNJ_MaxConv","","","","","","Search_NB_VetNearMe_MaxConv","","vet clinic near me","Phrase","","","","","","","","","","","","","","","","","","","","","","","","","","","","","","","","","","","","",""
"Keyword","Enabled","Search_NB_LocalNJ_MaxConv","","","","","","Search_NB_VetNearMe_MaxConv","","vet near me","Exact","","","","","","","","","","","","","","","","","","","","","","","","","","","","","","","","","","","","",""
"Keyword","Enabled","Search_NB_LocalNJ_MaxConv","","","","","","Search_NB_VetNearMe_MaxConv","","veterinarian near me","Exact","","","","","","","","","","","","","","","","","","","","","","","","","","","","","","","","","","","","",""
"Keyword","Enabled","Search_NB_LocalNJ_MaxConv","","","","","","Search_NB_VetCliftonNJ_MaxConv","","vet clifton nj","Phrase","","","","","","","","","","","","","","","","","","","","","","","","","","","","","","","","","","","","",""
"Keyword","Enabled","Search_NB_LocalNJ_MaxConv","","","","","","Search_NB_VetCliftonNJ_MaxConv","","veterinarian clifton nj","Phrase","","","","","","","","","","","","","","","","","","","","","","","","","","","","","","","","","","","","",""
"Keyword","Enabled","Search_NB_LocalNJ_MaxConv","","","","","","Search_NB_VetCliftonNJ_MaxConv","","animal hospital clifton nj","Phrase","","","","","","","","","","","","","","","","","","","","","","","","","","","","","","","","","","","","",""
"Keyword","Enabled","Search_NB_LocalNJ_MaxConv","","","","","","Search_NB_VetCliftonNJ_MaxConv","","vet clifton","Phrase","","","","","","","","","","","","","","","","","","","","","","","","","","","","","","","","","","","","",""
"Keyword","Enabled","Search_NB_LocalNJ_MaxConv","","","","","","Search_NB_VetCliftonNJ_MaxConv","","vet clifton nj","Exact","","","","","","","","","","","","","","","","","","","","","","","","","","","","","","","","","","","","",""
"Keyword","Enabled","Search_NB_LocalNJ_MaxConv","","","","","","Search_NB_VetCliftonNJ_MaxConv","","veterinarian clifton nj","Exact","","","","","","","","","","","","","","","","","","","","","","","","","","","","","","","","","","","","",""
"Keyword","Enabled","Search_NB_LocalNJ_MaxConv","","","","","","Search_NB_HyperLocal_MaxConv","","vet passaic nj","Exact","","","","","","","","","","","","","","","","","","","","","","","","","","","","","","","","","","","","",""
"Keyword","Enabled","Search_NB_LocalNJ_MaxConv","","","","","","Search_NB_HyperLocal_MaxConv","","vet paterson nj","Exact","","","","","","","","","","","","","","","","","","","","","","","","","","","","","","","","","","","","",""
"Keyword","Enabled","Search_NB_LocalNJ_MaxConv","","","","","","Search_NB_HyperLocal_MaxConv","","vet wayne nj","Exact","","","","","","","","","","","","","","","","","","","","","","","","","","","","","","","","","","","","",""
"Keyword","Enabled","Search_NB_LocalNJ_MaxConv","","","","","","Search_NB_HyperLocal_MaxConv","","vet nutley nj","Exact","","","","","","","","","","","","","","","","","","","","","","","","","","","","","","","","","","","","",""
"Keyword","Enabled","Search_NB_LocalNJ_MaxConv","","","","","","Search_NB_HyperLocal_MaxConv","","vet bloomfield nj","Exact","","","","","","","","","","","","","","","","","","","","","","","","","","","","","","","","","","","","",""
"Keyword","Enabled","Search_NB_LocalNJ_MaxConv","","","","","","Search_NB_HyperLocal_MaxConv","","vet montclair nj","Exact","","","","","","","","","","","","","","","","","","","","","","","","","","","","","","","","","","","","",""
"Keyword","Enabled","Search_NB_LocalNJ_MaxConv","","","","","","Search_NB_HyperLocal_MaxConv","","vet hawthorne nj","Exact","","","","","","","","","","","","","","","","","","","","","","","","","","","","","","","","","","","","",""
"Keyword","Enabled","Search_NB_LocalNJ_MaxConv","","","","","","Search_NB_HyperLocal_MaxConv","","vet garfield nj","Exact","","","","","","","","","","","","","","","","","","","","","","","","","","","","","","","","","","","","",""
"Keyword","Enabled","Search_NB_LocalNJ_MaxConv","","","","","","Search_NB_HyperLocal_MaxConv","","vet rutherford nj","Exact","","","","","","","","","","","","","","","","","","","","","","","","","","","","","","","","","","","","",""
"Keyword","Enabled","Search_NB_LocalNJ_MaxConv","","","","","","Search_NB_HyperLocal_MaxConv","","vet teaneck nj","Exact","","","","","","","","","","","","","","","","","","","","","","","","","","","","","","","","","","","","",""
"Keyword","Enabled","Search_NB_LocalNJ_MaxConv","","","","","","Search_NB_HyperLocal_MaxConv","","vet fair lawn nj","Exact","","","","","","","","","","","","","","","","","","","","","","","","","","","","","","","","","","","","",""
"Keyword","Enabled","Search_NB_LocalNJ_MaxConv","","","","","","Search_NB_HyperLocal_MaxConv","","vet lyndhurst nj","Exact","","","","","","","","","","","","","","","","","","","","","","","","","","","","","","","","","","","","",""
"Keyword","Enabled","Search_NB_LocalNJ_MaxConv","","","","","","Search_NB_HyperLocal_MaxConv","","veterinarian passaic nj","Phrase","","","","","","","","","","","","","","","","","","","","","","","","","","","","","","","","","","","","",""
"Keyword","Enabled","Search_NB_LocalNJ_MaxConv","","","","","","Search_NB_HyperLocal_MaxConv","","veterinarian paterson nj","Phrase","","","","","","","","","","","","","","","","","","","","","","","","","","","","","","","","","","","","",""
"Keyword","Enabled","Search_NB_LocalNJ_MaxConv","","","","","","Search_NB_HyperLocal_MaxConv","","veterinarian wayne nj","Phrase","","","","","","","","","","","","","","","","","","","","","","","","","","","","","","","","","","","","",""
"Keyword","Enabled","Search_NB_LocalNJ_MaxConv","","","","","","Search_NB_HyperLocal_MaxConv","","veterinarian nutley nj","Phrase","","","","","","","","","","","","","","","","","","","","","","","","","","","","","","","","","","","","",""
"Keyword","Enabled","Search_NB_PetSpecific_MaxConv","","","","","","Search_NB_DogVet_MaxConv","","dog vet membership","Phrase","","","","","","","","","","","","","","","","","","","","","","","","","","","","","","","","","","","","",""
"Keyword","Enabled","Search_NB_PetSpecific_MaxConv","","","","","","Search_NB_DogVet_MaxConv","","unlimited dog vet care","Phrase","","","","","","","","","","","","","","","","","","","","","","","","","","","","","","","","","","","","",""
"Keyword","Enabled","Search_NB_PetSpecific_MaxConv","","","","","","Search_NB_DogVet_MaxConv","","dog vet subscription","Phrase","","","","","","","","","","","","","","","","","","","","","","","","","","","","","","","","","","","","",""
"Keyword","Enabled","Search_NB_PetSpecific_MaxConv","","","","","","Search_NB_DogVet_MaxConv","","puppy vet plan","Phrase","","","","","","","","","","","","","","","","","","","","","","","","","","","","","","","","","","","","",""
"Keyword","Enabled","Search_NB_PetSpecific_MaxConv","","","","","","Search_NB_DogVet_MaxConv","","dog health plan nj","Phrase","","","","","","","","","","","","","","","","","","","","","","","","","","","","","","","","","","","","",""
"Keyword","Enabled","Search_NB_PetSpecific_MaxConv","","","","","","Search_NB_DogVet_MaxConv","","dog vet nj","Phrase","","","","","","","","","","","","","","","","","","","","","","","","","","","","","","","","","","","","",""
"Keyword","Enabled","Search_NB_PetSpecific_MaxConv","","","","","","Search_NB_DogVet_MaxConv","","dog vet membership","Exact","","","","","","","","","","","","","","","","","","","","","","","","","","","","","","","","","","","","",""
"Keyword","Enabled","Search_NB_PetSpecific_MaxConv","","","","","","Search_NB_DogVet_MaxConv","","dog vet nj","Exact","","","","","","","","","","","","","","","","","","","","","","","","","","","","","","","","","","","","",""
"Keyword","Enabled","Search_NB_PetSpecific_MaxConv","","","","","","Search_NB_CatVet_MaxConv","","cat vet membership","Phrase","","","","","","","","","","","","","","","","","","","","","","","","","","","","","","","","","","","","",""
"Keyword","Enabled","Search_NB_PetSpecific_MaxConv","","","","","","Search_NB_CatVet_MaxConv","","unlimited cat vet care","Phrase","","","","","","","","","","","","","","","","","","","","","","","","","","","","","","","","","","","","",""
"Keyword","Enabled","Search_NB_PetSpecific_MaxConv","","","","","","Search_NB_CatVet_MaxConv","","cat vet subscription","Phrase","","","","","","","","","","","","","","","","","","","","","","","","","","","","","","","","","","","","",""
"Keyword","Enabled","Search_NB_PetSpecific_MaxConv","","","","","","Search_NB_CatVet_MaxConv","","kitten vet plan","Phrase","","","","","","","","","","","","","","","","","","","","","","","","","","","","","","","","","","","","",""
"Keyword","Enabled","Search_NB_PetSpecific_MaxConv","","","","","","Search_NB_CatVet_MaxConv","","cat health plan nj","Phrase","","","","","","","","","","","","","","","","","","","","","","","","","","","","","","","","","","","","",""
"Keyword","Enabled","Search_NB_PetSpecific_MaxConv","","","","","","Search_NB_CatVet_MaxConv","","cat vet nj","Phrase","","","","","","","","","","","","","","","","","","","","","","","","","","","","","","","","","","","","",""
"Keyword","Enabled","Search_NB_PetSpecific_MaxConv","","","","","","Search_NB_CatVet_MaxConv","","cat vet membership","Exact","","","","","","","","","","","","","","","","","","","","","","","","","","","","","","","","","","","","",""
"Keyword","Enabled","Search_NB_PetSpecific_MaxConv","","","","","","Search_NB_CatVet_MaxConv","","cat vet nj","Exact","","","","","","","","","","","","","","","","","","","","","","","","","","","","","","","","","","","","",""
"Keyword","Enabled","Search_NB_PetSpecific_MaxConv","","","","","","Search_NB_LifeStage_MaxConv","","new puppy vet visit","Phrase","","","","","","","","","","","","","","","","","","","","","","","","","","","","","","","","","","","","",""
"Keyword","Enabled","Search_NB_PetSpecific_MaxConv","","","","","","Search_NB_LifeStage_MaxConv","","puppy first vet visit","Phrase","","","","","","","","","","","","","","","","","","","","","","","","","","","","","","","","","","","","",""
"Keyword","Enabled","Search_NB_PetSpecific_MaxConv","","","","","","Search_NB_LifeStage_MaxConv","","puppy vaccine schedule nj","Phrase","","","","","","","","","","","","","","","","","","","","","","","","","","","","","","","","","","","","",""
"Keyword","Enabled","Search_NB_PetSpecific_MaxConv","","","","","","Search_NB_LifeStage_MaxConv","","kitten first vet visit","Phrase","","","","","","","","","","","","","","","","","","","","","","","","","","","","","","","","","","","","",""
"Keyword","Enabled","Search_NB_PetSpecific_MaxConv","","","","","","Search_NB_LifeStage_MaxConv","","dog wellness exam nj","Phrase","","","","","","","","","","","","","","","","","","","","","","","","","","","","","","","","","","","","",""
"Keyword","Enabled","Search_NB_PetSpecific_MaxConv","","","","","","Search_NB_LifeStage_MaxConv","","cat wellness exam nj","Phrase","","","","","","","","","","","","","","","","","","","","","","","","","","","","","","","","","","","","",""
"Keyword","Enabled","Search_NB_PetSpecific_MaxConv","","","","","","Search_NB_LifeStage_MaxConv","","senior dog vet nj","Phrase","","","","","","","","","","","","","","","","","","","","","","","","","","","","","","","","","","","","",""
"Keyword","Enabled","Search_NB_PetSpecific_MaxConv","","","","","","Search_NB_LifeStage_MaxConv","","new puppy vet visit","Exact","","","","","","","","","","","","","","","","","","","","","","","","","","","","","","","","","","","","",""
"Keyword","Enabled","Search_NB_PetSpecific_MaxConv","","","","","","Search_NB_LifeStage_MaxConv","","puppy first vet visit","Exact","","","","","","","","","","","","","","","","","","","","","","","","","","","","","","","","","","","","",""
"Keyword","Enabled","Search_NB_ProcedureIntent_MaxConv","","","","","","Search_NB_Vaccinations_MaxConv","","dog vaccinations nj","Phrase","","","","","","","","","","","","","","","","","","","","","","","","","","","","","","","","","","","","",""
"Keyword","Enabled","Search_NB_ProcedureIntent_MaxConv","","","","","","Search_NB_Vaccinations_MaxConv","","cat vaccinations nj","Phrase","","","","","","","","","","","","","","","","","","","","","","","","","","","","","","","","","","","","",""
"Keyword","Enabled","Search_NB_ProcedureIntent_MaxConv","","","","","","Search_NB_Vaccinations_MaxConv","","puppy vaccinations nj","Phrase","","","","","","","","","","","","","","","","","","","","","","","","","","","","","","","","","","","","",""
"Keyword","Enabled","Search_NB_ProcedureIntent_MaxConv","","","","","","Search_NB_Vaccinations_MaxConv","","kitten vaccinations nj","Phrase","","","","","","","","","","","","","","","","","","","","","","","","","","","","","","","","","","","","",""
"Keyword","Enabled","Search_NB_ProcedureIntent_MaxConv","","","","","","Search_NB_Vaccinations_MaxConv","","dog vaccines nj","Phrase","","","","","","","","","","","","","","","","","","","","","","","","","","","","","","","","","","","","",""
"Keyword","Enabled","Search_NB_ProcedureIntent_MaxConv","","","","","","Search_NB_Vaccinations_MaxConv","","cat vaccines nj","Phrase","","","","","","","","","","","","","","","","","","","","","","","","","","","","","","","","","","","","",""
"Keyword","Enabled","Search_NB_ProcedureIntent_MaxConv","","","","","","Search_NB_Vaccinations_MaxConv","","pet vaccinations near me","Phrase","","","","","","","","","","","","","","","","","","","","","","","","","","","","","","","","","","","","",""
"Keyword","Enabled","Search_NB_ProcedureIntent_MaxConv","","","","","","Search_NB_Vaccinations_MaxConv","","dog vaccinations nj","Exact","","","","","","","","","","","","","","","","","","","","","","","","","","","","","","","","","","","","",""
"Keyword","Enabled","Search_NB_ProcedureIntent_MaxConv","","","","","","Search_NB_Vaccinations_MaxConv","","cat vaccinations nj","Exact","","","","","","","","","","","","","","","","","","","","","","","","","","","","","","","","","","","","",""
"Keyword","Enabled","Search_NB_ProcedureIntent_MaxConv","","","","","","Search_NB_WellnessExam_MaxConv","","dog wellness exam nj","Phrase","","","","","","","","","","","","","","","","","","","","","","","","","","","","","","","","","","","","",""
"Keyword","Enabled","Search_NB_ProcedureIntent_MaxConv","","","","","","Search_NB_WellnessExam_MaxConv","","cat wellness exam nj","Phrase","","","","","","","","","","","","","","","","","","","","","","","","","","","","","","","","","","","","",""
"Keyword","Enabled","Search_NB_ProcedureIntent_MaxConv","","","","","","Search_NB_WellnessExam_MaxConv","","pet annual exam nj","Phrase","","","","","","","","","","","","","","","","","","","","","","","","","","","","","","","","","","","","",""
"Keyword","Enabled","Search_NB_ProcedureIntent_MaxConv","","","","","","Search_NB_WellnessExam_MaxConv","","heartworm test nj","Phrase","","","","","","","","","","","","","","","","","","","","","","","","","","","","","","","","","","","","",""
"Keyword","Enabled","Search_NB_ProcedureIntent_MaxConv","","","","","","Search_NB_WellnessExam_MaxConv","","flea tick prevention vet nj","Phrase","","","","","","","","","","","","","","","","","","","","","","","","","","","","","","","","","","","","",""
"Keyword","Enabled","Search_NB_ProcedureIntent_MaxConv","","","","","","Search_NB_WellnessExam_MaxConv","","dog annual exam nj","Exact","","","","","","","","","","","","","","","","","","","","","","","","","","","","","","","","","","","","",""
"Keyword","Enabled","Search_NB_ProcedureIntent_MaxConv","","","","","","Search_NB_WellnessExam_MaxConv","","cat annual exam nj","Exact","","","","","","","","","","","","","","","","","","","","","","","","","","","","","","","","","","","","",""
"Keyword","Enabled","Search_NB_ProcedureIntent_MaxConv","","","","","","Search_NB_Procedures_MaxConv","","dog bloodwork cost nj","Phrase","","","","","","","","","","","","","","","","","","","","","","","","","","","","","","","","","","","","",""
"Keyword","Enabled","Search_NB_ProcedureIntent_MaxConv","","","","","","Search_NB_Procedures_MaxConv","","dog spay neuter cost nj","Phrase","","","","","","","","","","","","","","","","","","","","","","","","","","","","","","","","","","","","",""
"Keyword","Enabled","Search_NB_ProcedureIntent_MaxConv","","","","","","Search_NB_Procedures_MaxConv","","dog dental cleaning cost nj","Phrase","","","","","","","","","","","","","","","","","","","","","","","","","","","","","","","","","","","","",""
"Keyword","Enabled","Search_NB_ProcedureIntent_MaxConv","","","","","","Search_NB_Procedures_MaxConv","","cat spay neuter nj","Phrase","","","","","","","","","","","","","","","","","","","","","","","","","","","","","","","","","","","","",""
"Keyword","Enabled","Search_NB_ProcedureIntent_MaxConv","","","","","","Search_NB_Procedures_MaxConv","","dog bloodwork nj","Phrase","","","","","","","","","","","","","","","","","","","","","","","","","","","","","","","","","","","","",""
"Keyword","Enabled","Search_NB_ProcedureIntent_MaxConv","","","","","","Search_NB_Procedures_MaxConv","","cat dental cleaning nj","Phrase","","","","","","","","","","","","","","","","","","","","","","","","","","","","","","","","","","","","",""
"Keyword","Enabled","Search_NB_ProcedureIntent_MaxConv","","","","","","Search_NB_Procedures_MaxConv","","dog bloodwork cost nj","Exact","","","","","","","","","","","","","","","","","","","","","","","","","","","","","","","","","","","","",""
"Keyword","Enabled","Search_NB_ProcedureIntent_MaxConv","","","","","","Search_NB_Procedures_MaxConv","","dog dental cleaning cost nj","Exact","","","","","","","","","","","","","","","","","","","","","","","","","","","","","","","","","","","","",""
"Responsive Search Ad","Enabled","Search_Brand_Snoots_MaxConv","","","","","","Search_Brand_SnootesBrand_MaxConv","","","","https://joinsnoots.com","Snoots Vet — Official Site","Unlimited Vet Care for $55/Mo","Join Snoots Today","The Unlimited Vet Membership","No Copays. No Surprise Bills.","All Vaccines & Diagnostics Included","Flat-Fee Vet Care in New Jersey","4.9★ Rated Vet in New Jersey","Founding Members Save 25%","Unlimited Visits. One Low Fee.","Dogs & Cats Welcome","Clifton, NJ — Book Today","Telehealth + In-Clinic Included","No Pre-Existing Condition Limits","Official Snoots Membership Page","1","","","","","","","","","","","","","","","Skip the surprise vet bills. Snoots members get unlimited consultations, all vaccines, bloodwork & telehealth for $55/month.","Unlike pet insurance, Snoots is a vet membership — no copays, no deductibles, no claim forms. Just bring your pet in, any time.","New Jersey's first unlimited vet membership. Founding members save 25% on their first 12 months. Dogs & cats welcome in Clifton, NJ.","8,000+ pets served. 4.9-star Google rating. Unlimited primary care including vaccines, diagnostics, dental & telehealth — join today.","joinsnoots.com","Join"
"Responsive Search Ad","Enabled","Search_NB_UnlimitedVet_MaxConv","","","","","","Search_NB_UnlimitedVetCare_MaxConv","","","","https://joinsnoots.com/members","Unlimited Vet Care — $55/Month","One Flat Fee. Unlimited Visits.","Vet Membership — No Copays","All Vaccines & Bloodwork Included","No Surprise Vet Bills. Ever.","The Unlimited Vet for $55/Mo","Skip Pet Insurance — Join Snoots","Flat-Fee Vet in New Jersey","Unlimited Telehealth + In-Clinic","4.9★ Rated — 8,000+ Pets Served","New Jersey's Unlimited Vet","Dogs & Cats Welcome","Founding Members Save 25%","Cancel Anytime. No Lock-In.","Join Snoots — Book Online Today","","","","","","","","","","","","","","","","Snoots is a vet membership that covers unlimited consultations, all vaccines, diagnostics, telehealth and routine care for $55/month — no copays, ever.","Unlike pet insurance, there are no copays, deductibles or claim forms. Pay $55/month and bring your dog or cat in as often as you need.","New Jersey's first unlimited vet membership. Founding members get 25% off their first 12 months. Serving dogs & cats in Clifton, NJ.","Includes unlimited in-person visits, telehealth, bloodwork, imaging, dental cleaning & all vaccinations. One flat fee — no hidden costs.","joinsnoots.com","Unlimited-Vet"
"Responsive Search Ad","Enabled","Search_NB_UnlimitedVet_MaxConv","","","","","","Search_NB_AffordableVet_MaxConv","","","","https://joinsnoots.com/members","Affordable Vet Care — $55/Month","One Flat Fee. No Surprise Bills.","Low Cost Vet Membership in NJ","All Vet Care — One Monthly Fee","Unlimited Visits for $55/Month","Stop Overpaying for Vet Bills","Vaccines, Bloodwork & More Included","The Smarter Way to Pay for Vet Care","4.9★ Vet — 8,000+ Happy Pets","Serving Dogs & Cats Near Clifton, NJ","Flat-Fee Vet — No Copays","Founding Member Discount — 25% Off","Telehealth + In-Clinic Visits","Monthly or Annual Plans Available","Join Snoots Vet — Book Today","","","","","","","","","","","","","","","","Tired of unpredictable vet bills? Snoots members pay $55/month and get unlimited vet visits, all vaccines, bloodwork & telehealth — no extra charges.","Snoots is New Jersey's flat-fee vet membership. No copays, no deductibles, no surprise invoices. Just unlimited primary care for your pet.","Dogs and cats get unlimited consultations, diagnostics, vaccinations, dental and telehealth — all covered by one $55/month membership.","Join 8,000+ pet owners who switched to Snoots. Founding members lock in 25% off for 12 months. Serving the greater Clifton, NJ area.","joinsnoots.com","Affordable-Vet"
"Responsive Search Ad","Enabled","Search_NB_UnlimitedVet_MaxConv","","","","","","Search_NB_CostAnxiety_MaxConv","","","","https://joinsnoots.com/members","Tired of Expensive Vet Bills?","$55/Month. Everything Included.","Stop Paying Per Vet Visit","No Surprise Vet Bills. Ever.","Flat-Fee Vet Near Clifton, NJ","Unlimited Visits for One Low Price","Affordable Vet Care — $55/Mo","No Invoice. No Copay. No Surprise.","4.9★ Vet — 8,000+ Pets Served","Dogs & Cats Welcome","Founding Members Save 25%","Pay Once. Come in Any Time.","Cancel Anytime — No Lock-In","Telehealth Included Too","Join Snoots — Book Online Today","","","","","","","","","","","","","","","","Unpredictable vet bills add up fast. Snoots members pay $55/month and get unlimited visits, all vaccines, bloodwork and telehealth — no extra charges, ever.","Forget per-visit fees, invoices, and surprise bills. Snoots is a flat monthly membership covering all the vet care your dog or cat will ever need.","New Jersey pet owners save thousands by switching to Snoots. One $55/month fee replaces all routine vet costs — no copays, no claims, no surprises.","Join 8,000+ pets on Snoots. Founding members lock in 25% off for 12 months. Serving Clifton and the surrounding NJ area.","joinsnoots.com","Affordable-Vet"
"Responsive Search Ad","Enabled","Search_NB_UnlimitedVet_MaxConv","","","","","","Search_NB_Concierge_MaxConv","","","","https://joinsnoots.com/members","Concierge Vet Membership — NJ","Subscription Vet Care — $55/Mo","Membership-Based Vet in Clifton","Preventive Care Plan for Pets","Direct Primary Care for Your Pet","Unlimited Visits. One Monthly Fee.","No Per-Visit Fees. Ever.","4.9★ Rated Concierge Vet — NJ","All Preventive Care Included","Telehealth + In-Clinic Included","Dogs & Cats Welcome","Cancel Anytime. No Commitment.","Founding Members Save 25%","Same-Week Appointments Available","NJ's First Unlimited Vet Membership","","","","","","","","","","","","","","","","Like DPC for humans, Snoots is a flat-fee vet membership — pay $55/month and get unlimited primary and preventive care for your dog or cat. No per-visit fees.","Snoots is New Jersey's concierge vet membership. Members get same-week appointments, unlimited telehealth, and zero surprise invoices for one flat monthly fee.","Unlimited consultations, telehealth, vaccines, diagnostics and dental cleaning — all included in one $55/month membership. No per-visit charges, ever.","Join 8,000+ pets on Snoots. Founding members lock in 25% off for their first 12 months. Clifton, NJ — serving the greater Passaic County area.","joinsnoots.com","Membership"
"Responsive Search Ad","Enabled","Search_NB_PetInsuranceAlt_MaxConv","","","","","","Search_NB_PetInsuranceAlt_MaxConv","","","","https://joinsnoots.com/members","A Better Alternative to Pet Insurance","No Copays. No Deductibles. No Claims.","Unlimited Vet Care — $55/Month","Skip Pet Insurance. Join Snoots.","Pet Health Plan — Flat $55/Month","All Vaccines & Diagnostics Included","Unlimited Visits. One Simple Fee.","No Pre-Existing Condition Limits","Pet Wellness Plan — Clifton, NJ","4.9★ Vet Membership in NJ","Telehealth + In-Clinic — Included","Dogs & Cats — No Exclusions","Monthly or Annual — You Choose","Founding Members Save 25% Today","Join Snoots — New Jersey's Vet","","","","","","","","","","","","","","","","Skip the copays, deductibles and claim forms. Snoots is a vet membership — pay $55/month and get unlimited primary care for your dog or cat.","Unlike pet insurance, Snoots covers preventive care with no pre-existing condition limits. Unlimited consultations, vaccines, bloodwork & more.","Snoots members never pay out-of-pocket for routine vet visits. One flat monthly fee covers everything your pet needs, every time they need it.","New Jersey's first flat-fee vet membership. 4.9 stars, 8,000+ pets served. Founding members get 25% off for 12 months — join today in Clifton, NJ.","joinsnoots.com","Not-Pet-Insurance"
"Responsive Search Ad","Enabled","Search_NB_PetInsuranceAlt_MaxConv","","","","","","Search_NB_InsuranceResearch_MaxConv","","","","https://joinsnoots.com/members","Better Than Pet Insurance — $55/Mo","No Waiting Periods. No Exclusions.","No Deductibles. No Reimbursements.","No Pre-Existing Condition Limits","Skip the Claims. Join Snoots.","Lemonade Alternative — NJ","Trupanion Alternative — $55/Mo","Pet Insurance vs. Snoots Membership","Covered From Day One — No Wait","4.9★ Vet in Clifton, NJ","All Vaccines & Diagnostics Included","Dogs & Cats Welcome","Founding Members Save 25%","Monthly or Annual — You Choose","Compare Snoots vs. Pet Insurance","","","","","","","","","","","","","","","","Pet insurance has waiting periods, deductibles, and pre-existing condition exclusions. Snoots doesn't — pay $55/month and your pet is covered from day one.","Most pet insurance reimburses 70–90% after your deductible. Snoots members pay $0 out-of-pocket for every routine visit, vaccine, and diagnostic.","Unlike Lemonade or Trupanion, Snoots covers 100% of preventive and primary care — no claim forms, no waiting, no surprises. Just bring your pet in.","Join 8,000+ New Jersey pet owners who chose Snoots over pet insurance. Founding members save 25% for 12 months — sign up today in Clifton, NJ.","joinsnoots.com","vs-Insurance"
"Responsive Search Ad","Enabled","Search_NB_LocalNJ_MaxConv","","","","","","Search_NB_VetNearMe_MaxConv","","","","https://joinsnoots.com/us","Vet Near You in New Jersey","Unlimited Vet Membership — $55/Mo","4.9★ Vet in Clifton, NJ","No Copays. Unlimited Visits.","All Vaccines & Bloodwork Included","Book a Vet Appointment Today","Serving Dogs & Cats Near Clifton","One Monthly Fee — No Surprises","Telehealth Available Too","New Jersey's Top-Rated Vet","8,000+ Pets Served","Founding Members Save 25%","Skip Pet Insurance — Join Snoots","Book Online — Same-Week Visits","Clifton, NJ Vet Clinic","","","","","","","","","","","","","","","","Snoots is the top-rated vet membership near you — unlimited visits, all vaccines, telehealth and diagnostics for $55/month. No copays, ever.","A 4.9-star rated vet clinic in Clifton, NJ. Our members get unlimited primary care for one flat monthly fee — dogs and cats welcome.","Stop paying per visit. Join Snoots and get unlimited consultations, vaccines, bloodwork, dental & telehealth — all for $55/month near Clifton, NJ.","Join 8,000+ happy pets at Snoots. Founding members lock in 25% off for their first 12 months. Book online and come in as soon as this week.","joinsnoots.com","Vet-Near-Me"
"Responsive Search Ad","Enabled","Search_NB_LocalNJ_MaxConv","","","","","","Search_NB_VetCliftonNJ_MaxConv","","","","https://joinsnoots.com/us","Vet Near You in New Jersey","Unlimited Vet Membership — $55/Mo","4.9★ Vet in Clifton, NJ","No Copays. Unlimited Visits.","All Vaccines & Bloodwork Included","Book a Vet Appointment Today","Serving Dogs & Cats Near Clifton","One Monthly Fee — No Surprises","Telehealth Available Too","New Jersey's Top-Rated Vet","8,000+ Pets Served","Founding Members Save 25%","Skip Pet Insurance — Join Snoots","Book Online — Same-Week Visits","Clifton, NJ Vet Clinic","","","","","","","","","","","","","","","","Snoots is the top-rated vet membership near you — unlimited visits, all vaccines, telehealth and diagnostics for $55/month. No copays, ever.","A 4.9-star rated vet clinic in Clifton, NJ. Our members get unlimited primary care for one flat monthly fee — dogs and cats welcome.","Stop paying per visit. Join Snoots and get unlimited consultations, vaccines, bloodwork, dental & telehealth — all for $55/month near Clifton, NJ.","Join 8,000+ happy pets at Snoots. Founding members lock in 25% off for their first 12 months. Book online and come in as soon as this week.","joinsnoots.com","Clifton-NJ"
"Responsive Search Ad","Enabled","Search_NB_LocalNJ_MaxConv","","","","","","Search_NB_HyperLocal_MaxConv","","","","https://joinsnoots.com/us","Vet Serving Passaic County, NJ","Unlimited Vet Membership — $55/Mo","4.9★ Vet Near Paterson & Passaic","Serving Pets Across 15 NJ Towns","Flat-Fee Vet — Minutes Away in NJ","No Copays. Unlimited Visits.","All Vaccines & Bloodwork Included","Near Paterson, Wayne & Nutley","Book a Same-Week Vet Appointment","Telehealth + In-Clinic — Included","Dogs & Cats Welcome","Founding Members Save 25%","Skip Pet Insurance — Join Snoots","Clifton Clinic — Easy to Reach","Join Snoots — Book Online","","","","","","","","","","","","","","","","Snoots is a 4.9-star vet membership in Clifton, NJ — just minutes from Passaic, Paterson, Wayne, Nutley, and Bloomfield. $55/month, unlimited visits.","Serving pets across Passaic and Bergen County. Snoots members get unlimited vet care, all vaccines, telehealth and diagnostics for one flat monthly fee.","Stop driving far for a great vet. Snoots is in Clifton, NJ — serving dogs and cats from Paterson to Montclair and everywhere in between.","Join 8,000+ local pets on Snoots. Founding members lock in 25% off for their first 12 months. Book online and come in as soon as this week.","joinsnoots.com","Near-You"
"Responsive Search Ad","Enabled","Search_NB_PetSpecific_MaxConv","","","","","","Search_NB_DogVet_MaxConv","","","","https://joinsnoots.com/members","Unlimited Dog Vet Care — $55/Mo","Dog Vet Membership in New Jersey","All Dog Vaccines Included","No Copays for Your Dog. Ever.","Unlimited Dog Vet Visits","Dog Wellness Plan — Flat Monthly Fee","Bloodwork & Diagnostics Included","4.9★ Rated Vet — Near Clifton, NJ","Telehealth for Dogs Too","Puppy & Adult Dogs Welcome","Spay & Neuter Included","Founding Members Save 25%","Skip Pet Insurance for Your Dog","One Fee Covers Everything","Join Snoots — Book Online","","","","","","","","","","","","","","","","Give your dog unlimited vet care for $55/month. Snoots membership includes all vaccinations, bloodwork, diagnostics, telehealth & unlimited visits.","No copays, no surprise vet bills for your dog. Snoots covers all routine and preventive care — spay/neuter, dental, imaging and more included.","New Jersey's top-rated dog vet membership. 4.9 stars. Founding members get 25% off their first 12 months. Puppies and adults welcome near Clifton, NJ.","Join 8,000+ pets on Snoots. Unlimited consultations, all vaccines, bloodwork and telehealth for your dog — one simple $55/month membership.","joinsnoots.com","Dog-Vet"
"Responsive Search Ad","Enabled","Search_NB_PetSpecific_MaxConv","","","","","","Search_NB_CatVet_MaxConv","","","","https://joinsnoots.com/members","Unlimited Cat Vet Care — $55/Mo","Cat Vet Membership in New Jersey","All Cat Vaccines Included","No Copays for Your Cat. Ever.","Unlimited Cat Vet Visits","Cat Wellness Plan — Flat Monthly Fee","Bloodwork & Diagnostics for Cats","4.9★ Rated Vet — Near Clifton, NJ","Telehealth for Cats Too","Kittens & Adult Cats Welcome","Spay & Neuter Included","Founding Members Save 25%","Skip Pet Insurance for Your Cat","One Fee Covers Everything","Join Snoots — Book Online","","","","","","","","","","","","","","","","Give your cat unlimited vet care for $55/month. Snoots membership includes all vaccinations, bloodwork, diagnostics, telehealth & unlimited visits.","No copays, no surprise vet bills for your cat. Snoots covers all routine and preventive care — spay/neuter, dental, imaging and more included.","New Jersey's top-rated cat vet membership. 4.9 stars. Founding members get 25% off their first 12 months. Kittens and adults welcome near Clifton, NJ.","Join 8,000+ pets on Snoots. Unlimited consultations, all vaccines, bloodwork and telehealth for your cat — one simple $55/month membership.","joinsnoots.com","Cat-Vet"
"Responsive Search Ad","Enabled","Search_NB_PetSpecific_MaxConv","","","","","","Search_NB_LifeStage_MaxConv","","","","https://joinsnoots.com/members","New Puppy? Start with Snoots.","Puppy's First Vet Visit — $55/Mo","All Puppy Vaccines Included","Kitten Vet Membership — NJ","Senior Dog Vet Care — NJ","Unlimited Vet Care for Your New Pet","Puppy Wellness Plan — Flat Fee","4.9★ Vet Near Clifton, NJ","One Membership — Every Life Stage","Telehealth for New Pets Too","Spay & Neuter Included","Founding Members Save 25%","No Copays — Ever","Book Online — Same-Week Visit","Join Snoots — Dogs & Cats Welcome","","","","","","","","","","","","","","","","Just got a puppy or kitten? Snoots membership covers all your new pet's vaccines, wellness exams, and unlimited visits for $55/month — no per-visit fees.","New pets need frequent vet visits in their first year. Snoots makes it stress-free — unlimited appointments, all vaccinations, and telehealth included.","From first puppy visit to senior wellness exams, Snoots covers every stage of your pet's life for one flat monthly fee. Dogs and cats welcome in Clifton, NJ.","Join 8,000+ pets on Snoots. Founding members lock in 25% off for their first 12 months — sign up today and bring your new pet in this week.","joinsnoots.com","New-Pet"
"Responsive Search Ad","Enabled","Search_NB_ProcedureIntent_MaxConv","","","","","","Search_NB_Vaccinations_MaxConv","","","","https://joinsnoots.com/members","Dog & Cat Vaccines — $55/Month","All Vaccines Included in Membership","No Extra Charge for Vaccines","Puppy & Kitten Vaccines Included","Pet Vaccinations Near Clifton, NJ","Stop Paying Per Vaccine Visit","Core & Non-Core Vaccines Covered","Vaccines + Unlimited Visits — $55/Mo","4.9★ Vet — Clifton, NJ","Same-Week Vaccine Appointments","Dogs & Cats Welcome","Founding Members Save 25%","Telehealth + In-Clinic Included","No Copays for Vaccine Visits","Join Snoots — Book Online","","","","","","","","","","","","","","","","All dog and cat vaccinations are included in your Snoots membership. Pay $55/month and bring your pet in for vaccines any time — no extra charges.","Stop paying $50–$100 per vaccine visit. Snoots membership includes all core and non-core vaccines for your dog or cat — unlimited, at no extra cost.","Snoots covers every vaccination your pet needs — puppy series, annual boosters, rabies, Bordetella and more. All included in one $55/month membership.","Join 8,000+ pets on Snoots. Founding members lock in 25% off their first 12 months. Same-week vaccine appointments available in Clifton, NJ.","joinsnoots.com","Vaccines"
"Responsive Search Ad","Enabled","Search_NB_ProcedureIntent_MaxConv","","","","","","Search_NB_WellnessExam_MaxConv","","","","https://joinsnoots.com/members","Annual Vet Exam — Included at $55/Mo","Pet Wellness Exam Near Clifton, NJ","Heartworm & Flea Testing Included","Dog & Cat Annual Exams — Flat Fee","No Extra Fee for Wellness Visits","Unlimited Wellness Exams Included","4.9★ Vet — Passaic County, NJ","Same-Week Wellness Appointments","Telehealth for Follow-Ups Too","Bloodwork & Diagnostics Included","Dogs & Cats Welcome","Founding Members Save 25%","No Copays — Every Visit","Skip Per-Exam Vet Fees","Join Snoots — Book Online Today","","","","","","","","","","","","","","","","Annual exams, heartworm tests, flea/tick prevention consultations, and all wellness visits are included in your Snoots membership — no extra charges.","Stop paying $75–$150 for annual wellness exams. Snoots members get unlimited wellness visits, bloodwork, and diagnostics for $55/month flat.","Snoots covers your pet's full wellness care — annual exams, vaccine boosters, parasite testing, and diagnostics — all in one $55/month membership.","Join 8,000+ pets on Snoots. Founding members lock in 25% off for their first 12 months. Book a wellness exam this week in Clifton, NJ.","joinsnoots.com","Wellness"
"Responsive Search Ad","Enabled","Search_NB_ProcedureIntent_MaxConv","","","","","","Search_NB_Procedures_MaxConv","","","","https://joinsnoots.com/members","Spay & Neuter Included — $55/Mo","Dog Dental Cleaning — Included","Bloodwork Included in Membership","Stop Paying Per Procedure","All Diagnostics Included — $55/Mo","Imaging & Bloodwork — No Extra Cost","4.9★ Vet in Clifton, NJ","Unlimited Procedures. One Fee.","Cat & Dog Spay/Neuter — NJ","No Surprise Procedure Bills","Dogs & Cats Welcome","Founding Members Save 25%","Telehealth + In-Clinic Included","All Routine Care — One Monthly Fee","Join Snoots — Book Online","","","","","","","","","","","","","","","","Dog dental cleaning, spay/neuter, bloodwork, imaging, and all routine procedures are included in your Snoots membership — no per-procedure charges.","Stop getting surprised by vet procedure costs. Snoots members pay $55/month and get all diagnostics, bloodwork, imaging and routine procedures included.","Snoots covers spay/neuter, dental cleaning, full bloodwork panels, imaging, and more — all included in one flat $55/month membership near Clifton, NJ.","Join 8,000+ pets on Snoots. Founding members lock in 25% off for their first 12 months. No surprise invoices — ever. Book online today.","joinsnoots.com","Whats-Included"
"Campaign Negative Keyword","Enabled","Search_Brand_Snoots_MaxConv","","","","","","","","snoots snack","Broad","","","","","","","","","","","","","","","","","","","","","","","","","","","","","","","","","","","","",""
"Campaign Negative Keyword","Enabled","Search_Brand_Snoots_MaxConv","","","","","","","","snoots candy","Broad","","","","","","","","","","","","","","","","","","","","","","","","","","","","","","","","","","","","",""
"Campaign Negative Keyword","Enabled","Search_Brand_Snoots_MaxConv","","","","","","","","snoots bar","Broad","","","","","","","","","","","","","","","","","","","","","","","","","","","","","","","","","","","","",""
"Campaign Negative Keyword","Enabled","Search_Brand_Snoots_MaxConv","","","","","","","","snoots food","Broad","","","","","","","","","","","","","","","","","","","","","","","","","","","","","","","","","","","","",""
"Campaign Negative Keyword","Enabled","Search_Brand_Snoots_MaxConv","","","","","","","","free snoots","Broad","","","","","","","","","","","","","","","","","","","","","","","","","","","","","","","","","","","","",""
"Campaign Negative Keyword","Enabled","Search_Brand_Snoots_MaxConv","","","","","","","","snoots coupon","Broad","","","","","","","","","","","","","","","","","","","","","","","","","","","","","","","","","","","","",""
"Campaign Negative Keyword","Enabled","Search_Brand_Snoots_MaxConv","","","","","","","","snoots promo code","Broad","","","","","","","","","","","","","","","","","","","","","","","","","","","","","","","","","","","","",""
"Campaign Negative Keyword","Enabled","Search_Brand_Snoots_MaxConv","","","","","","","","snoots jobs","Broad","","","","","","","","","","","","","","","","","","","","","","","","","","","","","","","","","","","","",""
"Campaign Negative Keyword","Enabled","Search_Brand_Snoots_MaxConv","","","","","","","","snoots careers","Broad","","","","","","","","","","","","","","","","","","","","","","","","","","","","","","","","","","","","",""
"Campaign Negative Keyword","Enabled","Search_Brand_Snoots_MaxConv","","","","","","","","snoots complaints","Broad","","","","","","","","","","","","","","","","","","","","","","","","","","","","","","","","","","","","",""
"Campaign Negative Keyword","Enabled","Search_NB_UnlimitedVet_MaxConv","","","","","","","","snoots","Broad","","","","","","","","","","","","","","","","","","","","","","","","","","","","","","","","","","","","",""
"Campaign Negative Keyword","Enabled","Search_NB_UnlimitedVet_MaxConv","","","","","","","","joinsnoots","Broad","","","","","","","","","","","","","","","","","","","","","","","","","","","","","","","","","","","","",""
"Campaign Negative Keyword","Enabled","Search_NB_UnlimitedVet_MaxConv","","","","","","","","snootsvet","Broad","","","","","","","","","","","","","","","","","","","","","","","","","","","","","","","","","","","","",""
"Campaign Negative Keyword","Enabled","Search_NB_UnlimitedVet_MaxConv","","","","","","","","free","Broad","","","","","","","","","","","","","","","","","","","","","","","","","","","","","","","","","","","","",""
"Campaign Negative Keyword","Enabled","Search_NB_UnlimitedVet_MaxConv","","","","","","","","diy","Broad","","","","","","","","","","","","","","","","","","","","","","","","","","","","","","","","","","","","",""
"Campaign Negative Keyword","Enabled","Search_NB_UnlimitedVet_MaxConv","","","","","","","","home vet","Broad","","","","","","","","","","","","","","","","","","","","","","","","","","","","","","","","","","","","",""
"Campaign Negative Keyword","Enabled","Search_NB_UnlimitedVet_MaxConv","","","","","","","","jobs","Broad","","","","","","","","","","","","","","","","","","","","","","","","","","","","","","","","","","","","",""
"Campaign Negative Keyword","Enabled","Search_NB_UnlimitedVet_MaxConv","","","","","","","","careers","Broad","","","","","","","","","","","","","","","","","","","","","","","","","","","","","","","","","","","","",""
"Campaign Negative Keyword","Enabled","Search_NB_UnlimitedVet_MaxConv","","","","","","","","salary","Broad","","","","","","","","","","","","","","","","","","","","","","","","","","","","","","","","","","","","",""
"Campaign Negative Keyword","Enabled","Search_NB_UnlimitedVet_MaxConv","","","","","","","","login","Broad","","","","","","","","","","","","","","","","","","","","","","","","","","","","","","","","","","","","",""
"Campaign Negative Keyword","Enabled","Search_NB_UnlimitedVet_MaxConv","","","","","","","","portal","Broad","","","","","","","","","","","","","","","","","","","","","","","","","","","","","","","","","","","","",""
"Campaign Negative Keyword","Enabled","Search_NB_UnlimitedVet_MaxConv","","","","","","","","how to become a vet","Broad","","","","","","","","","","","","","","","","","","","","","","","","","","","","","","","","","","","","",""
"Campaign Negative Keyword","Enabled","Search_NB_UnlimitedVet_MaxConv","","","","","","","","vet school","Broad","","","","","","","","","","","","","","","","","","","","","","","","","","","","","","","","","","","","",""
"Campaign Negative Keyword","Enabled","Search_NB_UnlimitedVet_MaxConv","","","","","","","","veterinary school","Broad","","","","","","","","","","","","","","","","","","","","","","","","","","","","","","","","","","","","",""
"Campaign Negative Keyword","Enabled","Search_NB_UnlimitedVet_MaxConv","","","","","","","","vet tech","Broad","","","","","","","","","","","","","","","","","","","","","","","","","","","","","","","","","","","","",""
"Campaign Negative Keyword","Enabled","Search_NB_UnlimitedVet_MaxConv","","","","","","","","vet assistant","Broad","","","","","","","","","","","","","","","","","","","","","","","","","","","","","","","","","","","","",""
"Campaign Negative Keyword","Enabled","Search_NB_UnlimitedVet_MaxConv","","","","","","","","vet technician","Broad","","","","","","","","","","","","","","","","","","","","","","","","","","","","","","","","","","","","",""
"Campaign Negative Keyword","Enabled","Search_NB_UnlimitedVet_MaxConv","","","","","","","","wildlife vet","Broad","","","","","","","","","","","","","","","","","","","","","","","","","","","","","","","","","","","","",""
"Campaign Negative Keyword","Enabled","Search_NB_UnlimitedVet_MaxConv","","","","","","","","exotic vet","Broad","","","","","","","","","","","","","","","","","","","","","","","","","","","","","","","","","","","","",""
"Campaign Negative Keyword","Enabled","Search_NB_UnlimitedVet_MaxConv","","","","","","","","emergency vet","Broad","","","","","","","","","","","","","","","","","","","","","","","","","","","","","","","","","","","","",""
"Campaign Negative Keyword","Enabled","Search_NB_UnlimitedVet_MaxConv","","","","","","","","24 hour vet","Broad","","","","","","","","","","","","","","","","","","","","","","","","","","","","","","","","","","","","",""
"Campaign Negative Keyword","Enabled","Search_NB_UnlimitedVet_MaxConv","","","","","","","","overnight vet","Broad","","","","","","","","","","","","","","","","","","","","","","","","","","","","","","","","","","","","",""
"Campaign Negative Keyword","Enabled","Search_NB_UnlimitedVet_MaxConv","","","","","","","","vet hospital","Broad","","","","","","","","","","","","","","","","","","","","","","","","","","","","","","","","","","","","",""
"Campaign Negative Keyword","Enabled","Search_NB_PetInsuranceAlt_MaxConv","","","","","","","","snoots","Broad","","","","","","","","","","","","","","","","","","","","","","","","","","","","","","","","","","","","",""
"Campaign Negative Keyword","Enabled","Search_NB_PetInsuranceAlt_MaxConv","","","","","","","","joinsnoots","Broad","","","","","","","","","","","","","","","","","","","","","","","","","","","","","","","","","","","","",""
"Campaign Negative Keyword","Enabled","Search_NB_PetInsuranceAlt_MaxConv","","","","","","","","snootsvet","Broad","","","","","","","","","","","","","","","","","","","","","","","","","","","","","","","","","","","","",""
"Campaign Negative Keyword","Enabled","Search_NB_PetInsuranceAlt_MaxConv","","","","","","","","free","Broad","","","","","","","","","","","","","","","","","","","","","","","","","","","","","","","","","","","","",""
"Campaign Negative Keyword","Enabled","Search_NB_PetInsuranceAlt_MaxConv","","","","","","","","diy","Broad","","","","","","","","","","","","","","","","","","","","","","","","","","","","","","","","","","","","",""
"Campaign Negative Keyword","Enabled","Search_NB_PetInsuranceAlt_MaxConv","","","","","","","","home vet","Broad","","","","","","","","","","","","","","","","","","","","","","","","","","","","","","","","","","","","",""
"Campaign Negative Keyword","Enabled","Search_NB_PetInsuranceAlt_MaxConv","","","","","","","","jobs","Broad","","","","","","","","","","","","","","","","","","","","","","","","","","","","","","","","","","","","",""
"Campaign Negative Keyword","Enabled","Search_NB_PetInsuranceAlt_MaxConv","","","","","","","","careers","Broad","","","","","","","","","","","","","","","","","","","","","","","","","","","","","","","","","","","","",""
"Campaign Negative Keyword","Enabled","Search_NB_PetInsuranceAlt_MaxConv","","","","","","","","salary","Broad","","","","","","","","","","","","","","","","","","","","","","","","","","","","","","","","","","","","",""
"Campaign Negative Keyword","Enabled","Search_NB_PetInsuranceAlt_MaxConv","","","","","","","","login","Broad","","","","","","","","","","","","","","","","","","","","","","","","","","","","","","","","","","","","",""
"Campaign Negative Keyword","Enabled","Search_NB_PetInsuranceAlt_MaxConv","","","","","","","","portal","Broad","","","","","","","","","","","","","","","","","","","","","","","","","","","","","","","","","","","","",""
"Campaign Negative Keyword","Enabled","Search_NB_PetInsuranceAlt_MaxConv","","","","","","","","how to become a vet","Broad","","","","","","","","","","","","","","","","","","","","","","","","","","","","","","","","","","","","",""
"Campaign Negative Keyword","Enabled","Search_NB_PetInsuranceAlt_MaxConv","","","","","","","","vet school","Broad","","","","","","","","","","","","","","","","","","","","","","","","","","","","","","","","","","","","",""
"Campaign Negative Keyword","Enabled","Search_NB_PetInsuranceAlt_MaxConv","","","","","","","","veterinary school","Broad","","","","","","","","","","","","","","","","","","","","","","","","","","","","","","","","","","","","",""
"Campaign Negative Keyword","Enabled","Search_NB_PetInsuranceAlt_MaxConv","","","","","","","","vet tech","Broad","","","","","","","","","","","","","","","","","","","","","","","","","","","","","","","","","","","","",""
"Campaign Negative Keyword","Enabled","Search_NB_PetInsuranceAlt_MaxConv","","","","","","","","vet assistant","Broad","","","","","","","","","","","","","","","","","","","","","","","","","","","","","","","","","","","","",""
"Campaign Negative Keyword","Enabled","Search_NB_PetInsuranceAlt_MaxConv","","","","","","","","vet technician","Broad","","","","","","","","","","","","","","","","","","","","","","","","","","","","","","","","","","","","",""
"Campaign Negative Keyword","Enabled","Search_NB_PetInsuranceAlt_MaxConv","","","","","","","","wildlife vet","Broad","","","","","","","","","","","","","","","","","","","","","","","","","","","","","","","","","","","","",""
"Campaign Negative Keyword","Enabled","Search_NB_PetInsuranceAlt_MaxConv","","","","","","","","exotic vet","Broad","","","","","","","","","","","","","","","","","","","","","","","","","","","","","","","","","","","","",""
"Campaign Negative Keyword","Enabled","Search_NB_PetInsuranceAlt_MaxConv","","","","","","","","emergency vet","Broad","","","","","","","","","","","","","","","","","","","","","","","","","","","","","","","","","","","","",""
"Campaign Negative Keyword","Enabled","Search_NB_PetInsuranceAlt_MaxConv","","","","","","","","24 hour vet","Broad","","","","","","","","","","","","","","","","","","","","","","","","","","","","","","","","","","","","",""
"Campaign Negative Keyword","Enabled","Search_NB_PetInsuranceAlt_MaxConv","","","","","","","","overnight vet","Broad","","","","","","","","","","","","","","","","","","","","","","","","","","","","","","","","","","","","",""
"Campaign Negative Keyword","Enabled","Search_NB_PetInsuranceAlt_MaxConv","","","","","","","","vet hospital","Broad","","","","","","","","","","","","","","","","","","","","","","","","","","","","","","","","","","","","",""
"Campaign Negative Keyword","Enabled","Search_NB_LocalNJ_MaxConv","","","","","","","","snoots","Broad","","","","","","","","","","","","","","","","","","","","","","","","","","","","","","","","","","","","",""
"Campaign Negative Keyword","Enabled","Search_NB_LocalNJ_MaxConv","","","","","","","","joinsnoots","Broad","","","","","","","","","","","","","","","","","","","","","","","","","","","","","","","","","","","","",""
"Campaign Negative Keyword","Enabled","Search_NB_LocalNJ_MaxConv","","","","","","","","snootsvet","Broad","","","","","","","","","","","","","","","","","","","","","","","","","","","","","","","","","","","","",""
"Campaign Negative Keyword","Enabled","Search_NB_LocalNJ_MaxConv","","","","","","","","free","Broad","","","","","","","","","","","","","","","","","","","","","","","","","","","","","","","","","","","","",""
"Campaign Negative Keyword","Enabled","Search_NB_LocalNJ_MaxConv","","","","","","","","diy","Broad","","","","","","","","","","","","","","","","","","","","","","","","","","","","","","","","","","","","",""
"Campaign Negative Keyword","Enabled","Search_NB_LocalNJ_MaxConv","","","","","","","","home vet","Broad","","","","","","","","","","","","","","","","","","","","","","","","","","","","","","","","","","","","",""
"Campaign Negative Keyword","Enabled","Search_NB_LocalNJ_MaxConv","","","","","","","","jobs","Broad","","","","","","","","","","","","","","","","","","","","","","","","","","","","","","","","","","","","",""
"Campaign Negative Keyword","Enabled","Search_NB_LocalNJ_MaxConv","","","","","","","","careers","Broad","","","","","","","","","","","","","","","","","","","","","","","","","","","","","","","","","","","","",""
"Campaign Negative Keyword","Enabled","Search_NB_LocalNJ_MaxConv","","","","","","","","salary","Broad","","","","","","","","","","","","","","","","","","","","","","","","","","","","","","","","","","","","",""
"Campaign Negative Keyword","Enabled","Search_NB_LocalNJ_MaxConv","","","","","","","","login","Broad","","","","","","","","","","","","","","","","","","","","","","","","","","","","","","","","","","","","",""
"Campaign Negative Keyword","Enabled","Search_NB_LocalNJ_MaxConv","","","","","","","","portal","Broad","","","","","","","","","","","","","","","","","","","","","","","","","","","","","","","","","","","","",""
"Campaign Negative Keyword","Enabled","Search_NB_LocalNJ_MaxConv","","","","","","","","how to become a vet","Broad","","","","","","","","","","","","","","","","","","","","","","","","","","","","","","","","","","","","",""
"Campaign Negative Keyword","Enabled","Search_NB_LocalNJ_MaxConv","","","","","","","","vet school","Broad","","","","","","","","","","","","","","","","","","","","","","","","","","","","","","","","","","","","",""
"Campaign Negative Keyword","Enabled","Search_NB_LocalNJ_MaxConv","","","","","","","","veterinary school","Broad","","","","","","","","","","","","","","","","","","","","","","","","","","","","","","","","","","","","",""
"Campaign Negative Keyword","Enabled","Search_NB_LocalNJ_MaxConv","","","","","","","","vet tech","Broad","","","","","","","","","","","","","","","","","","","","","","","","","","","","","","","","","","","","",""
"Campaign Negative Keyword","Enabled","Search_NB_LocalNJ_MaxConv","","","","","","","","vet assistant","Broad","","","","","","","","","","","","","","","","","","","","","","","","","","","","","","","","","","","","",""
"Campaign Negative Keyword","Enabled","Search_NB_LocalNJ_MaxConv","","","","","","","","vet technician","Broad","","","","","","","","","","","","","","","","","","","","","","","","","","","","","","","","","","","","",""
"Campaign Negative Keyword","Enabled","Search_NB_LocalNJ_MaxConv","","","","","","","","wildlife vet","Broad","","","","","","","","","","","","","","","","","","","","","","","","","","","","","","","","","","","","",""
"Campaign Negative Keyword","Enabled","Search_NB_LocalNJ_MaxConv","","","","","","","","exotic vet","Broad","","","","","","","","","","","","","","","","","","","","","","","","","","","","","","","","","","","","",""
"Campaign Negative Keyword","Enabled","Search_NB_LocalNJ_MaxConv","","","","","","","","emergency vet","Broad","","","","","","","","","","","","","","","","","","","","","","","","","","","","","","","","","","","","",""
"Campaign Negative Keyword","Enabled","Search_NB_LocalNJ_MaxConv","","","","","","","","24 hour vet","Broad","","","","","","","","","","","","","","","","","","","","","","","","","","","","","","","","","","","","",""
"Campaign Negative Keyword","Enabled","Search_NB_LocalNJ_MaxConv","","","","","","","","overnight vet","Broad","","","","","","","","","","","","","","","","","","","","","","","","","","","","","","","","","","","","",""
"Campaign Negative Keyword","Enabled","Search_NB_LocalNJ_MaxConv","","","","","","","","vet hospital","Broad","","","","","","","","","","","","","","","","","","","","","","","","","","","","","","","","","","","","",""
"Campaign Negative Keyword","Enabled","Search_NB_PetSpecific_MaxConv","","","","","","","","snoots","Broad","","","","","","","","","","","","","","","","","","","","","","","","","","","","","","","","","","","","",""
"Campaign Negative Keyword","Enabled","Search_NB_PetSpecific_MaxConv","","","","","","","","joinsnoots","Broad","","","","","","","","","","","","","","","","","","","","","","","","","","","","","","","","","","","","",""
"Campaign Negative Keyword","Enabled","Search_NB_PetSpecific_MaxConv","","","","","","","","snootsvet","Broad","","","","","","","","","","","","","","","","","","","","","","","","","","","","","","","","","","","","",""
"Campaign Negative Keyword","Enabled","Search_NB_PetSpecific_MaxConv","","","","","","","","free","Broad","","","","","","","","","","","","","","","","","","","","","","","","","","","","","","","","","","","","",""
"Campaign Negative Keyword","Enabled","Search_NB_PetSpecific_MaxConv","","","","","","","","diy","Broad","","","","","","","","","","","","","","","","","","","","","","","","","","","","","","","","","","","","",""
"Campaign Negative Keyword","Enabled","Search_NB_PetSpecific_MaxConv","","","","","","","","home vet","Broad","","","","","","","","","","","","","","","","","","","","","","","","","","","","","","","","","","","","",""
"Campaign Negative Keyword","Enabled","Search_NB_PetSpecific_MaxConv","","","","","","","","jobs","Broad","","","","","","","","","","","","","","","","","","","","","","","","","","","","","","","","","","","","",""
"Campaign Negative Keyword","Enabled","Search_NB_PetSpecific_MaxConv","","","","","","","","careers","Broad","","","","","","","","","","","","","","","","","","","","","","","","","","","","","","","","","","","","",""
"Campaign Negative Keyword","Enabled","Search_NB_PetSpecific_MaxConv","","","","","","","","salary","Broad","","","","","","","","","","","","","","","","","","","","","","","","","","","","","","","","","","","","",""
"Campaign Negative Keyword","Enabled","Search_NB_PetSpecific_MaxConv","","","","","","","","login","Broad","","","","","","","","","","","","","","","","","","","","","","","","","","","","","","","","","","","","",""
"Campaign Negative Keyword","Enabled","Search_NB_PetSpecific_MaxConv","","","","","","","","portal","Broad","","","","","","","","","","","","","","","","","","","","","","","","","","","","","","","","","","","","",""
"Campaign Negative Keyword","Enabled","Search_NB_PetSpecific_MaxConv","","","","","","","","how to become a vet","Broad","","","","","","","","","","","","","","","","","","","","","","","","","","","","","","","","","","","","",""
"Campaign Negative Keyword","Enabled","Search_NB_PetSpecific_MaxConv","","","","","","","","vet school","Broad","","","","","","","","","","","","","","","","","","","","","","","","","","","","","","","","","","","","",""
"Campaign Negative Keyword","Enabled","Search_NB_PetSpecific_MaxConv","","","","","","","","veterinary school","Broad","","","","","","","","","","","","","","","","","","","","","","","","","","","","","","","","","","","","",""
"Campaign Negative Keyword","Enabled","Search_NB_PetSpecific_MaxConv","","","","","","","","vet tech","Broad","","","","","","","","","","","","","","","","","","","","","","","","","","","","","","","","","","","","",""
"Campaign Negative Keyword","Enabled","Search_NB_PetSpecific_MaxConv","","","","","","","","vet assistant","Broad","","","","","","","","","","","","","","","","","","","","","","","","","","","","","","","","","","","","",""
"Campaign Negative Keyword","Enabled","Search_NB_PetSpecific_MaxConv","","","","","","","","vet technician","Broad","","","","","","","","","","","","","","","","","","","","","","","","","","","","","","","","","","","","",""
"Campaign Negative Keyword","Enabled","Search_NB_PetSpecific_MaxConv","","","","","","","","wildlife vet","Broad","","","","","","","","","","","","","","","","","","","","","","","","","","","","","","","","","","","","",""
"Campaign Negative Keyword","Enabled","Search_NB_PetSpecific_MaxConv","","","","","","","","exotic vet","Broad","","","","","","","","","","","","","","","","","","","","","","","","","","","","","","","","","","","","",""
"Campaign Negative Keyword","Enabled","Search_NB_PetSpecific_MaxConv","","","","","","","","emergency vet","Broad","","","","","","","","","","","","","","","","","","","","","","","","","","","","","","","","","","","","",""
"Campaign Negative Keyword","Enabled","Search_NB_PetSpecific_MaxConv","","","","","","","","24 hour vet","Broad","","","","","","","","","","","","","","","","","","","","","","","","","","","","","","","","","","","","",""
"Campaign Negative Keyword","Enabled","Search_NB_PetSpecific_MaxConv","","","","","","","","overnight vet","Broad","","","","","","","","","","","","","","","","","","","","","","","","","","","","","","","","","","","","",""
"Campaign Negative Keyword","Enabled","Search_NB_PetSpecific_MaxConv","","","","","","","","vet hospital","Broad","","","","","","","","","","","","","","","","","","","","","","","","","","","","","","","","","","","","",""
"Campaign Negative Keyword","Enabled","Search_NB_ProcedureIntent_MaxConv","","","","","","","","snoots","Broad","","","","","","","","","","","","","","","","","","","","","","","","","","","","","","","","","","","","",""
"Campaign Negative Keyword","Enabled","Search_NB_ProcedureIntent_MaxConv","","","","","","","","joinsnoots","Broad","","","","","","","","","","","","","","","","","","","","","","","","","","","","","","","","","","","","",""
"Campaign Negative Keyword","Enabled","Search_NB_ProcedureIntent_MaxConv","","","","","","","","snootsvet","Broad","","","","","","","","","","","","","","","","","","","","","","","","","","","","","","","","","","","","",""
"Campaign Negative Keyword","Enabled","Search_NB_ProcedureIntent_MaxConv","","","","","","","","free","Broad","","","","","","","","","","","","","","","","","","","","","","","","","","","","","","","","","","","","",""
"Campaign Negative Keyword","Enabled","Search_NB_ProcedureIntent_MaxConv","","","","","","","","diy","Broad","","","","","","","","","","","","","","","","","","","","","","","","","","","","","","","","","","","","",""
"Campaign Negative Keyword","Enabled","Search_NB_ProcedureIntent_MaxConv","","","","","","","","home vet","Broad","","","","","","","","","","","","","","","","","","","","","","","","","","","","","","","","","","","","",""
"Campaign Negative Keyword","Enabled","Search_NB_ProcedureIntent_MaxConv","","","","","","","","jobs","Broad","","","","","","","","","","","","","","","","","","","","","","","","","","","","","","","","","","","","",""
"Campaign Negative Keyword","Enabled","Search_NB_ProcedureIntent_MaxConv","","","","","","","","careers","Broad","","","","","","","","","","","","","","","","","","","","","","","","","","","","","","","","","","","","",""
"Campaign Negative Keyword","Enabled","Search_NB_ProcedureIntent_MaxConv","","","","","","","","salary","Broad","","","","","","","","","","","","","","","","","","","","","","","","","","","","","","","","","","","","",""
"Campaign Negative Keyword","Enabled","Search_NB_ProcedureIntent_MaxConv","","","","","","","","login","Broad","","","","","","","","","","","","","","","","","","","","","","","","","","","","","","","","","","","","",""
"Campaign Negative Keyword","Enabled","Search_NB_ProcedureIntent_MaxConv","","","","","","","","portal","Broad","","","","","","","","","","","","","","","","","","","","","","","","","","","","","","","","","","","","",""
"Campaign Negative Keyword","Enabled","Search_NB_ProcedureIntent_MaxConv","","","","","","","","how to become a vet","Broad","","","","","","","","","","","","","","","","","","","","","","","","","","","","","","","","","","","","",""
"Campaign Negative Keyword","Enabled","Search_NB_ProcedureIntent_MaxConv","","","","","","","","vet school","Broad","","","","","","","","","","","","","","","","","","","","","","","","","","","","","","","","","","","","",""
"Campaign Negative Keyword","Enabled","Search_NB_ProcedureIntent_MaxConv","","","","","","","","veterinary school","Broad","","","","","","","","","","","","","","","","","","","","","","","","","","","","","","","","","","","","",""
"Campaign Negative Keyword","Enabled","Search_NB_ProcedureIntent_MaxConv","","","","","","","","vet tech","Broad","","","","","","","","","","","","","","","","","","","","","","","","","","","","","","","","","","","","",""
"Campaign Negative Keyword","Enabled","Search_NB_ProcedureIntent_MaxConv","","","","","","","","vet assistant","Broad","","","","","","","","","","","","","","","","","","","","","","","","","","","","","","","","","","","","",""
"Campaign Negative Keyword","Enabled","Search_NB_ProcedureIntent_MaxConv","","","","","","","","vet technician","Broad","","","","","","","","","","","","","","","","","","","","","","","","","","","","","","","","","","","","",""
"Campaign Negative Keyword","Enabled","Search_NB_ProcedureIntent_MaxConv","","","","","","","","wildlife vet","Broad","","","","","","","","","","","","","","","","","","","","","","","","","","","","","","","","","","","","",""
"Campaign Negative Keyword","Enabled","Search_NB_ProcedureIntent_MaxConv","","","","","","","","exotic vet","Broad","","","","","","","","","","","","","","","","","","","","","","","","","","","","","","","","","","","","",""
"Campaign Negative Keyword","Enabled","Search_NB_ProcedureIntent_MaxConv","","","","","","","","emergency vet","Broad","","","","","","","","","","","","","","","","","","","","","","","","","","","","","","","","","","","","",""
"Campaign Negative Keyword","Enabled","Search_NB_ProcedureIntent_MaxConv","","","","","","","","24 hour vet","Broad","","","","","","","","","","","","","","","","","","","","","","","","","","","","","","","","","","","","",""
"Campaign Negative Keyword","Enabled","Search_NB_ProcedureIntent_MaxConv","","","","","","","","overnight vet","Broad","","","","","","","","","","","","","","","","","","","","","","","","","","","","","","","","","","","","",""
"Campaign Negative Keyword","Enabled","Search_NB_ProcedureIntent_MaxConv","","","","","","","","vet hospital","Broad","","","","","","","","","","","","","","","","","","","","","","","","","","","","","","","","","","","","",""
